,Unnamed: 0.4,Unnamed: 0.3,Unnamed: 0.2,Unnamed: 0.1,Unnamed: 0,scam,age,word_count,unique_word_count,stop_word_count,mean_word_length,char_count
count,330.0,330.0,330.0,330.0,330.0,330.0,329.0,330.0,330.0,330.0,330.0,330.0
mean,53724.69696969697,53724.69696969697,53724.69696969697,53654.70303030303,1371.239393939394,1.0,41.38297872340426,60.89393939393939,41.10606060606061,28.76060606060606,4.4949885113069765,328.2818181818182
std,1702.7971282185113,1702.7971282185113,1702.7971282185113,1650.8928862513424,890.3488303922157,0.0,11.007168490276072,115.22278259446308,48.54388193990781,59.41513546075632,0.7332378589826055,593.5847022595534
min,50920.0,50920.0,50920.0,50921.0,2.0,1.0,20.0,3.0,3.0,0.0,3.1538461538461537,14.0
25%,52173.25,52173.25,52173.25,52156.5,594.25,1.0,32.0,14.0,12.0,6.0,4.025724275724276,75.0
50%,53665.0,53665.0,53665.0,53635.5,1298.5,1.0,41.0,35.0,27.5,14.5,4.353238095238095,194.5
75%,55086.75,55086.75,55086.75,55044.75,2091.0,1.0,52.0,71.75,53.0,32.0,4.794444444444444,381.0
max,56957.0,56957.0,56957.0,56864.0,3384.0,1.0,68.0,1794.0,601.0,939.0,7.4375,9071.0
